iter	Logloss
0	0.6425703698
1	0.5439926781
2	0.5140729167
3	0.4931248277
4	0.4447547287
5	0.4015694732
6	0.3477390752
7	0.3316700716
8	0.2932398726
9	0.2823290583
10	0.2735174893
11	0.2607833246
12	0.2339829688
13	0.2149548602
14	0.2142461481
15	0.2127602522
16	0.208546866
17	0.1919959981
18	0.1759175297
